what,kind,bundleId,bundleVersion,description,time
deactivated,workbench,org.eclipse.ui.workbench,3.6.1.M20100826-1330,"",1298148769831
activated,workbench,org.eclipse.ui.workbench,3.6.1.M20100826-1330,"",1298148778072
opened,editor,org.eclipse.jdt.ui,3.6.1.r361_v20100825-0800,"org.eclipse.jdt.ui.CompilationUnitEditor",1298148778241
activated,editor,org.eclipse.jdt.ui,3.6.1.r361_v20100825-0800,"org.eclipse.jdt.ui.CompilationUnitEditor",1298148778314
started,bundle,org.eclipse.wst.jsdt.debug.ui,1.0.1.v201008170101,"org.eclipse.wst.jsdt.debug.ui",1298148784880
executed,command,org.eclipse.ui,3.6.1.M20100826-1330,"org.eclipse.ui.file.save",1298148798598
executed,command,,,"AUTOGEN:::org.eclipse.jdt.internal.ui.CompilationUnitEditor.ruler.actions/org.eclipse.jdt.internal.ui.javaeditor.JavaSelectRulerAction",1298148802159
deactivated,workbench,org.eclipse.ui.workbench,3.6.1.M20100826-1330,"",1298148805411
activated,workbench,org.eclipse.ui.workbench,3.6.1.M20100826-1330,"",1298148805632
executed,command,org.eclipse.ui,3.6.1.M20100826-1330,"org.eclipse.ui.file.save",1298148807460
started,bundle,org.eclipse.mylyn.java.tasks,3.4.0.v20100608-0100-e3x,"org.eclipse.mylyn.java.tasks",1298148807738
started,bundle,org.eclipse.mylyn.ide.ui,3.4.0.v20100608-0100-e3x,"org.eclipse.mylyn.ide.ui",1298148819117
started,bundle,org.eclipse.jst.ws.jaxws.ui,1.0.1.v201008232129,"org.eclipse.jst.ws.jaxws.ui",1298148819129
started,bundle,org.eclipse.mylyn.java.ui,3.4.0.v20100608-0100-e3x,"org.eclipse.mylyn.java.ui",1298148819137
started,bundle,org.eclipse.pde.api.tools,1.0.202.v20100820_r361,"org.eclipse.pde.api.tools",1298148819180
started,bundle,org.eclipse.pde.api.tools.ui,1.0.201.v20100820_r361,"org.eclipse.pde.api.tools.ui",1298148819182
deactivated,workbench,org.eclipse.ui.workbench,3.6.1.M20100826-1330,"",1298148827060
activated,workbench,org.eclipse.ui.workbench,3.6.1.M20100826-1330,"",1298148827234
executed,command,org.eclipse.ui,3.6.1.M20100826-1330,"org.eclipse.ui.file.save",1298148840521
activated,view,org.eclipse.ui.navigator.resources,3.4.201.M20100707-0800,"org.eclipse.ui.navigator.ProjectExplorer",1298148849141
started,bundle,org.eclipse.mylyn.resources.ui,3.4.1.v20100909-0100-e3x,"org.eclipse.mylyn.resources.ui",1298148849259
activated,editor,org.eclipse.jdt.ui,3.6.1.r361_v20100825-0800,"org.eclipse.jdt.ui.CompilationUnitEditor",1298148849386
executed,command,,,"AUTOGEN:::org.eclipse.jdt.internal.ui.CompilationUnitEditor.ruler.actions/org.eclipse.jdt.internal.ui.javaeditor.JavaSelectRulerAction",1298148870056
deactivated,workbench,org.eclipse.ui.workbench,3.6.1.M20100826-1330,"",1298148873753
activated,workbench,org.eclipse.ui.workbench,3.6.1.M20100826-1330,"",1298148873967
executed,command,,,"AUTOGEN:::org.eclipse.jdt.internal.ui.CompilationUnitEditor.ruler.actions/org.eclipse.jdt.internal.ui.javaeditor.JavaSelectRulerAction",1298148876405
deactivated,workbench,org.eclipse.ui.workbench,3.6.1.M20100826-1330,"",1298148877522
activated,workbench,org.eclipse.ui.workbench,3.6.1.M20100826-1330,"",1298148877754
activated,view,org.eclipse.ui.navigator.resources,3.4.201.M20100707-0800,"org.eclipse.ui.navigator.ProjectExplorer",1298148903575
activated,editor,org.eclipse.jdt.ui,3.6.1.r361_v20100825-0800,"org.eclipse.jdt.ui.CompilationUnitEditor",1298148903857
deactivated,workbench,org.eclipse.ui.workbench,3.6.1.M20100826-1330,"",1298148910422
activated,workbench,org.eclipse.ui.workbench,3.6.1.M20100826-1330,"",1298148913710
activated,editor,org.eclipse.jdt.ui,3.6.1.r361_v20100825-0800,"org.eclipse.jdt.ui.CompilationUnitEditor",1298148916731
activated,editor,org.eclipse.jdt.ui,3.6.1.r361_v20100825-0800,"org.eclipse.jdt.ui.CompilationUnitEditor",1298148929316
executed,command,org.eclipse.ui,3.6.1.M20100826-1330,"org.eclipse.ui.file.save",1298148933096
activated,editor,org.eclipse.jdt.ui,3.6.1.r361_v20100825-0800,"org.eclipse.jdt.ui.CompilationUnitEditor",1298148933969
activated,editor,org.eclipse.jdt.ui,3.6.1.r361_v20100825-0800,"org.eclipse.jdt.ui.CompilationUnitEditor",1298148934677
closed,editor,org.eclipse.jdt.ui,3.6.1.r361_v20100825-0800,"org.eclipse.jdt.ui.CompilationUnitEditor",1298148934677
activated,view,org.eclipse.ui.navigator.resources,3.4.201.M20100707-0800,"org.eclipse.ui.navigator.ProjectExplorer",1298148935666
deactivated,workbench,org.eclipse.ui.workbench,3.6.1.M20100826-1330,"",1298148937450
activated,workbench,org.eclipse.ui.workbench,3.6.1.M20100826-1330,"",1298148938373
executed,command,org.eclipse.ui,3.6.1.M20100826-1330,"org.eclipse.ui.edit.delete",1298148938380
activated,editor,org.eclipse.jdt.ui,3.6.1.r361_v20100825-0800,"org.eclipse.jdt.ui.CompilationUnitEditor",1298148939156
executed,command,org.eclipse.ui,3.6.1.M20100826-1330,"org.eclipse.ui.file.save",1298148946025
activated,editor,org.eclipse.jdt.ui,3.6.1.r361_v20100825-0800,"org.eclipse.jdt.ui.CompilationUnitEditor",1298148950828
executed,command,org.eclipse.ui,3.6.1.M20100826-1330,"org.eclipse.ui.edit.undo",1298148952627
executed,command,org.eclipse.ui,3.6.1.M20100826-1330,"org.eclipse.ui.edit.undo",1298148953011
executed,command,org.eclipse.ui,3.6.1.M20100826-1330,"org.eclipse.ui.edit.undo",1298148953263
executed,command,org.eclipse.ui,3.6.1.M20100826-1330,"org.eclipse.ui.edit.undo",1298148953475
executed,command,org.eclipse.ui,3.6.1.M20100826-1330,"org.eclipse.ui.edit.undo",1298148953772
executed,command,org.eclipse.ui,3.6.1.M20100826-1330,"org.eclipse.ui.edit.undo",1298148953999
executed,command,org.eclipse.ui,3.6.1.M20100826-1330,"org.eclipse.ui.edit.undo",1298148954182
executed,command,org.eclipse.ui,3.6.1.M20100826-1330,"org.eclipse.ui.edit.undo",1298148954498
executed,command,org.eclipse.ui,3.6.1.M20100826-1330,"org.eclipse.ui.edit.undo",1298148954711
error,log,,,"Save Failed",1298148956689
deactivated,workbench,org.eclipse.ui.workbench,3.6.1.M20100826-1330,"",1298148956724
executed,command,org.eclipse.ui,3.6.1.M20100826-1330,"org.eclipse.ui.file.save",1298148956744
activated,workbench,org.eclipse.ui.workbench,3.6.1.M20100826-1330,"",1298148959203
deactivated,workbench,org.eclipse.ui.workbench,3.6.1.M20100826-1330,"",1298148959221
activated,workbench,org.eclipse.ui.workbench,3.6.1.M20100826-1330,"",1298148961240
error,log,,,"Save Failed",1298148963736
deactivated,workbench,org.eclipse.ui.workbench,3.6.1.M20100826-1330,"",1298148963749
executed,command,org.eclipse.ui,3.6.1.M20100826-1330,"org.eclipse.ui.file.save",1298148963768
activated,workbench,org.eclipse.ui.workbench,3.6.1.M20100826-1330,"",1298148965062
deactivated,workbench,org.eclipse.ui.workbench,3.6.1.M20100826-1330,"",1298148965086
activated,workbench,org.eclipse.ui.workbench,3.6.1.M20100826-1330,"",1298148970385
activated,view,org.eclipse.ui.navigator.resources,3.4.201.M20100707-0800,"org.eclipse.ui.navigator.ProjectExplorer",1298148979158
activated,editor,org.eclipse.jdt.ui,3.6.1.r361_v20100825-0800,"org.eclipse.jdt.ui.CompilationUnitEditor",1298148979423
activated,view,org.eclipse.ui.navigator.resources,3.4.201.M20100707-0800,"org.eclipse.ui.navigator.ProjectExplorer",1298148980845
activated,editor,org.eclipse.jdt.ui,3.6.1.r361_v20100825-0800,"org.eclipse.jdt.ui.CompilationUnitEditor",1298148981765
activated,view,org.eclipse.ui.navigator.resources,3.4.201.M20100707-0800,"org.eclipse.ui.navigator.ProjectExplorer",1298148985982
deactivated,workbench,org.eclipse.ui.workbench,3.6.1.M20100826-1330,"",1298148990862
activated,workbench,org.eclipse.ui.workbench,3.6.1.M20100826-1330,"",1298148997654
opened,editor,org.eclipse.jdt.ui,3.6.1.r361_v20100825-0800,"org.eclipse.jdt.ui.CompilationUnitEditor",1298148997776
activated,editor,org.eclipse.jdt.ui,3.6.1.r361_v20100825-0800,"org.eclipse.jdt.ui.CompilationUnitEditor",1298148997841
executed,command,org.eclipse.ui,3.6.1.M20100826-1330,"org.eclipse.ui.edit.text.contentAssist.proposals",1298149008161
executed,command,org.eclipse.ui,3.6.1.M20100826-1330,"org.eclipse.ui.file.save",1298149011703
executed,command,,,"AUTOGEN:::org.eclipse.jdt.internal.ui.CompilationUnitEditor.ruler.actions/org.eclipse.jdt.internal.ui.javaeditor.JavaSelectRulerAction",1298149016703
deactivated,workbench,org.eclipse.ui.workbench,3.6.1.M20100826-1330,"",1298149017562
activated,workbench,org.eclipse.ui.workbench,3.6.1.M20100826-1330,"",1298149017747
executed,command,org.eclipse.ui,3.6.1.M20100826-1330,"org.eclipse.ui.edit.delete",1298149021375
deactivated,workbench,org.eclipse.ui.workbench,3.6.1.M20100826-1330,"",1298149030595
activated,workbench,org.eclipse.ui.workbench,3.6.1.M20100826-1330,"",1298149083941
executed,command,org.eclipse.ui,3.6.1.M20100826-1330,"org.eclipse.ui.file.save",1298149092746
executed,command,org.eclipse.ui,3.6.1.M20100826-1330,"org.eclipse.ui.file.save",1298149099882
executed,command,org.eclipse.ui,3.6.1.M20100826-1330,"org.eclipse.ui.edit.undo",1298149103099
executed,command,org.eclipse.ui,3.6.1.M20100826-1330,"org.eclipse.ui.edit.undo",1298149103582
executed,command,org.eclipse.ui,3.6.1.M20100826-1330,"org.eclipse.ui.file.save",1298149104274
activated,view,org.eclipse.ui.navigator.resources,3.4.201.M20100707-0800,"org.eclipse.ui.navigator.ProjectExplorer",1298149107325
started,bundle,org.eclipse.wst.ws.service.policy.ui,1.0.202.v201004211732,"org.eclipse.wst.ws.service.policy.ui",1298149107685
started,bundle,org.eclipse.wst.ws.service.policy,1.0.203.v201004211732,"org.eclipse.wst.ws.service.policy",1298149107697
started,bundle,org.eclipse.wst.command.env,1.0.409.v201004211805,"org.eclipse.wst.command.env",1298149107753
started,bundle,org.eclipse.wst.ws,1.1.203.v201004211805,"org.eclipse.wst.ws",1298149107766
activated,editor,org.eclipse.jdt.ui,3.6.1.r361_v20100825-0800,"org.eclipse.jdt.ui.CompilationUnitEditor",1298149116314
opened,view,org.eclipse.ui.views,3.5.0.I20100527-0800,"org.eclipse.ui.views.PropertySheet",1298149117924
activated,view,org.eclipse.ui.views,3.5.0.I20100527-0800,"org.eclipse.ui.views.PropertySheet",1298149117959
activated,view,org.eclipse.ui.ide,3.6.1.M20100825-0800,"org.eclipse.ui.views.AllMarkersView",1298149118828
activated,editor,org.eclipse.jdt.ui,3.6.1.r361_v20100825-0800,"org.eclipse.jdt.ui.CompilationUnitEditor",1298149123669
activated,view,org.eclipse.ui.navigator.resources,3.4.201.M20100707-0800,"org.eclipse.ui.navigator.ProjectExplorer",1298149127136
started,bundle,org.eclipse.ui.views.properties.tabbed,3.5.100.I20100509-0800,"org.eclipse.ui.views.properties.tabbed",1298149127176
opened,editor,org.eclipse.jdt.ui,3.6.1.r361_v20100825-0800,"org.eclipse.jdt.ui.CompilationUnitEditor",1298149129614
activated,editor,org.eclipse.jdt.ui,3.6.1.r361_v20100825-0800,"org.eclipse.jdt.ui.CompilationUnitEditor",1298149129684
activated,view,org.eclipse.ui.navigator.resources,3.4.201.M20100707-0800,"org.eclipse.ui.navigator.ProjectExplorer",1298149131868
opened,editor,org.eclipse.jdt.ui,3.6.1.r361_v20100825-0800,"org.eclipse.jdt.ui.CompilationUnitEditor",1298149134847
activated,editor,org.eclipse.jdt.ui,3.6.1.r361_v20100825-0800,"org.eclipse.jdt.ui.CompilationUnitEditor",1298149134955
activated,view,org.eclipse.ui.navigator.resources,3.4.201.M20100707-0800,"org.eclipse.ui.navigator.ProjectExplorer",1298149138092
opened,editor,org.eclipse.jdt.ui,3.6.1.r361_v20100825-0800,"org.eclipse.jdt.ui.CompilationUnitEditor",1298149138356
activated,editor,org.eclipse.jdt.ui,3.6.1.r361_v20100825-0800,"org.eclipse.jdt.ui.CompilationUnitEditor",1298149138446
activated,view,org.eclipse.ui.navigator.resources,3.4.201.M20100707-0800,"org.eclipse.ui.navigator.ProjectExplorer",1298149140113
opened,editor,org.eclipse.jdt.ui,3.6.1.r361_v20100825-0800,"org.eclipse.jdt.ui.CompilationUnitEditor",1298149147473
activated,editor,org.eclipse.jdt.ui,3.6.1.r361_v20100825-0800,"org.eclipse.jdt.ui.CompilationUnitEditor",1298149147538
activated,view,org.eclipse.ui.navigator.resources,3.4.201.M20100707-0800,"org.eclipse.ui.navigator.ProjectExplorer",1298149149140
opened,editor,org.eclipse.jdt.ui,3.6.1.r361_v20100825-0800,"org.eclipse.jdt.ui.CompilationUnitEditor",1298149152212
activated,editor,org.eclipse.jdt.ui,3.6.1.r361_v20100825-0800,"org.eclipse.jdt.ui.CompilationUnitEditor",1298149152281
activated,view,org.eclipse.ui.navigator.resources,3.4.201.M20100707-0800,"org.eclipse.ui.navigator.ProjectExplorer",1298149154051
deactivated,workbench,org.eclipse.ui.workbench,3.6.1.M20100826-1330,"",1298149162187
activated,workbench,org.eclipse.ui.workbench,3.6.1.M20100826-1330,"",1298149167524
opened,editor,org.eclipse.jdt.ui,3.6.1.r361_v20100825-0800,"org.eclipse.jdt.ui.CompilationUnitEditor",1298149167888
activated,editor,org.eclipse.jdt.ui,3.6.1.r361_v20100825-0800,"org.eclipse.jdt.ui.CompilationUnitEditor",1298149167974
activated,editor,org.eclipse.jdt.ui,3.6.1.r361_v20100825-0800,"org.eclipse.jdt.ui.CompilationUnitEditor",1298149171446
closed,editor,org.eclipse.jdt.ui,3.6.1.r361_v20100825-0800,"org.eclipse.jdt.ui.CompilationUnitEditor",1298149172555
closed,editor,org.eclipse.jdt.ui,3.6.1.r361_v20100825-0800,"org.eclipse.jdt.ui.CompilationUnitEditor",1298149172590
closed,editor,org.eclipse.jdt.ui,3.6.1.r361_v20100825-0800,"org.eclipse.jdt.ui.CompilationUnitEditor",1298149172605
closed,editor,org.eclipse.jdt.ui,3.6.1.r361_v20100825-0800,"org.eclipse.jdt.ui.CompilationUnitEditor",1298149172624
closed,editor,org.eclipse.jdt.ui,3.6.1.r361_v20100825-0800,"org.eclipse.jdt.ui.CompilationUnitEditor",1298149172636
activated,perspective,org.eclipse.jst.j2ee.ui,,"org.eclipse.jst.j2ee.J2EEPerspective",1298152026702
started,bundle,org.eclipse.osgi,3.6.1.R36x_v20100806,"org.eclipse.osgi",1298152026704
started,bundle,org.eclipse.equinox.simpleconfigurator,1.0.200.v20100503,"org.eclipse.equinox.simpleconfigurator",1298152026706
started,bundle,com.ibm.icu,4.2.1.v20100412,"com.ibm.icu",1298152026707
started,bundle,org.eclipse.compare.core,3.5.100.I20100526-0800,"org.eclipse.compare.core",1298152026708
started,bundle,org.eclipse.core.contenttype,3.4.100.v20100505-1235,"org.eclipse.core.contenttype",1298152026709
started,bundle,org.eclipse.core.databinding.observable,1.3.0.I20100601-0800,"org.eclipse.core.databinding.observable",1298152026710
started,bundle,org.eclipse.core.expressions,3.4.200.v20100505,"org.eclipse.core.expressions",1298152026711
started,bundle,org.eclipse.core.filebuffers,3.5.100.v20100520-0800,"org.eclipse.core.filebuffers",1298152026711
started,bundle,org.eclipse.core.filesystem,1.3.1.R36x_v20100727-0745,"org.eclipse.core.filesystem",1298152026713
started,bundle,org.eclipse.core.jobs,3.5.1.R36x_v20100824,"org.eclipse.core.jobs",1298152026713
started,bundle,org.eclipse.core.net,1.2.100.I20100511-0800,"org.eclipse.core.net",1298152026715
started,bundle,org.eclipse.core.resources,3.6.0.R36x_v20100825-0600,"org.eclipse.core.resources",1298152026716
started,bundle,org.eclipse.core.runtime,3.6.0.v20100505,"org.eclipse.core.runtime",1298152026717
started,bundle,org.eclipse.core.runtime.compatibility,3.2.100.v20100505,"org.eclipse.core.runtime.compatibility",1298152026718
started,bundle,org.eclipse.core.runtime.compatibility.auth,3.2.200.v20100517,"org.eclipse.core.runtime.compatibility.auth",1298152026718
started,bundle,org.eclipse.core.variables,3.2.400.v20100505,"org.eclipse.core.variables",1298152026719
started,bundle,org.eclipse.debug.core,3.6.0.v20100519,"org.eclipse.debug.core",1298152026721
started,bundle,org.eclipse.emf.common,2.6.0.v20100914-1218,"org.eclipse.emf.common",1298152026722
started,bundle,org.eclipse.emf.common.ui,2.6.0.v20100914-1218,"org.eclipse.emf.common.ui",1298152026723
started,bundle,org.eclipse.emf.ecore,2.6.1.v20100914-1218,"org.eclipse.emf.ecore",1298152026725
started,bundle,org.eclipse.emf.ecore.xmi,2.5.0.v20100521-1846,"org.eclipse.emf.ecore.xmi",1298152026726
started,bundle,org.eclipse.emf.edit,2.6.0.v20100914-1218,"org.eclipse.emf.edit",1298152026727
started,bundle,org.eclipse.emf.edit.ui,2.6.0.v20100914-1218,"org.eclipse.emf.edit.ui",1298152026729
started,bundle,org.eclipse.epp.usagedata.gathering,1.3.0.R201005261100,"org.eclipse.epp.usagedata.gathering",1298152026729
started,bundle,org.eclipse.epp.usagedata.recording,1.3.0.R201005261100,"org.eclipse.epp.usagedata.recording",1298152026730
started,bundle,org.eclipse.equinox.app,1.3.1.R36x_v20100803,"org.eclipse.equinox.app",1298152026731
started,bundle,org.eclipse.equinox.common,3.6.0.v20100503,"org.eclipse.equinox.common",1298152026731
started,bundle,org.eclipse.equinox.ds,1.2.1.R36x_v20100803,"org.eclipse.equinox.ds",1298152026732
started,bundle,org.eclipse.equinox.event,1.2.0.v20100503,"org.eclipse.equinox.event",1298152026733
started,bundle,org.eclipse.equinox.p2.core,2.0.2.R36x_v20100804,"org.eclipse.equinox.p2.core",1298152026734
started,bundle,org.eclipse.equinox.p2.directorywatcher,1.0.202.R36x_v20100727,"org.eclipse.equinox.p2.directorywatcher",1298152026735
started,bundle,org.eclipse.equinox.p2.engine,2.0.0.v20100606,"org.eclipse.equinox.p2.engine",1298152026736
started,bundle,org.eclipse.equinox.p2.metadata,2.0.0.v20100601,"org.eclipse.equinox.p2.metadata",1298152026737
started,bundle,org.eclipse.equinox.p2.metadata.repository,1.1.0.v20100513,"org.eclipse.equinox.p2.metadata.repository",1298152026738
started,bundle,org.eclipse.equinox.p2.operations,2.0.0.v20100510,"org.eclipse.equinox.p2.operations",1298152026739
started,bundle,org.eclipse.equinox.p2.reconciler.dropins,1.1.0.v20100525,"org.eclipse.equinox.p2.reconciler.dropins",1298152026740
started,bundle,org.eclipse.equinox.p2.repository,2.0.1.R36x_v20100823,"org.eclipse.equinox.p2.repository",1298152026742
started,bundle,org.eclipse.equinox.p2.ui.sdk.scheduler,1.0.0.v20100507-1815,"org.eclipse.equinox.p2.ui.sdk.scheduler",1298152026742
started,bundle,org.eclipse.equinox.p2.updatechecker,1.1.101.R36x_v20100823,"org.eclipse.equinox.p2.updatechecker",1298152026743
started,bundle,org.eclipse.equinox.preferences,3.3.0.v20100503,"org.eclipse.equinox.preferences",1298152026744
started,bundle,org.eclipse.equinox.registry,3.5.0.v20100503,"org.eclipse.equinox.registry",1298152026745
started,bundle,org.eclipse.equinox.security,1.0.200.v20100503,"org.eclipse.equinox.security",1298152026746
started,bundle,org.eclipse.equinox.util,1.0.200.v20100503,"org.eclipse.equinox.util",1298152026747
started,bundle,org.eclipse.help,3.5.0.v20100524,"org.eclipse.help",1298152026748
started,bundle,org.eclipse.jdt.apt.core,3.3.401.R36_v20100727-0110,"org.eclipse.jdt.apt.core",1298152026750
started,bundle,org.eclipse.jdt.apt.pluggable.core,1.0.301.R36_v20100727-0110,"org.eclipse.jdt.apt.pluggable.core",1298152026751
started,bundle,org.eclipse.jdt.core,3.6.1.v_A68_R36x,"org.eclipse.jdt.core",1298152026752
started,bundle,org.eclipse.jdt.core.manipulation,1.3.0.v20100520-0800,"org.eclipse.jdt.core.manipulation",1298152026752
started,bundle,org.eclipse.jdt.launching,3.5.100.v20100526,"org.eclipse.jdt.launching",1298152026754
started,bundle,org.eclipse.jdt.ui,3.6.1.r361_v20100825-0800,"org.eclipse.jdt.ui",1298152026754
started,bundle,org.eclipse.jem,2.0.400.v201005110200,"org.eclipse.jem",1298152026755
started,bundle,org.eclipse.jem.util,2.1.2.v201008120100,"org.eclipse.jem.util",1298152026756
started,bundle,org.eclipse.jface,3.6.1.M20100825-0800,"org.eclipse.jface",1298152026757
started,bundle,org.eclipse.jsch.core,1.1.200.I20100505-1245,"org.eclipse.jsch.core",1298152026757
started,bundle,org.eclipse.jst.common.project.facet.core,1.4.102.v201008182136,"org.eclipse.jst.common.project.facet.core",1298152026758
started,bundle,org.eclipse.jst.j2ee,1.1.402.v201009151730,"org.eclipse.jst.j2ee",1298152026760
started,bundle,org.eclipse.jst.j2ee.core,1.2.2.v201008120100,"org.eclipse.jst.j2ee.core",1298152026762
started,bundle,org.eclipse.jst.j2ee.navigator.ui,1.1.402.v201009081300,"org.eclipse.jst.j2ee.navigator.ui",1298152026763
started,bundle,org.eclipse.jst.j2ee.ui,1.1.402.v201009080200,"org.eclipse.jst.j2ee.ui",1298152026764
started,bundle,org.eclipse.jst.j2ee.webservice,1.1.400.v201004110600,"org.eclipse.jst.j2ee.webservice",1298152026766
started,bundle,org.eclipse.jst.j2ee.webservice.ui,1.1.400.v201004110600,"org.eclipse.jst.j2ee.webservice.ui",1298152026766
started,bundle,org.eclipse.jst.jee.ui,1.0.302.v201009011600,"org.eclipse.jst.jee.ui",1298152026768
started,bundle,org.eclipse.jst.ws.jaxrs.core,1.0.200.v201008201800,"org.eclipse.jst.ws.jaxrs.core",1298152026768
started,bundle,org.eclipse.jst.ws.jaxws.utils,1.0.0.v201004171919,"org.eclipse.jst.ws.jaxws.utils",1298152026769
started,bundle,org.eclipse.ltk.core.refactoring,3.5.100.v20100526-0800,"org.eclipse.ltk.core.refactoring",1298152026770
started,bundle,org.eclipse.ltk.ui.refactoring,3.5.0.v20100526-0800,"org.eclipse.ltk.ui.refactoring",1298152026771
started,bundle,org.eclipse.mylyn.bugzilla.core,3.4.2.v20100902-0100-e3x,"org.eclipse.mylyn.bugzilla.core",1298152026772
started,bundle,org.eclipse.mylyn.bugzilla.ui,3.4.2.v20100909-0100-e3x,"org.eclipse.mylyn.bugzilla.ui",1298152026773
started,bundle,org.eclipse.mylyn.commons.net,3.4.1.v20100625-2100-e3x,"org.eclipse.mylyn.commons.net",1298152026773
started,bundle,org.eclipse.mylyn.commons.ui,3.4.0.v20100608-0100-e3x,"org.eclipse.mylyn.commons.ui",1298152026774
started,bundle,org.eclipse.mylyn.context.core,3.4.1.v20100909-0100-e3x,"org.eclipse.mylyn.context.core",1298152026775
started,bundle,org.eclipse.mylyn.context.ui,3.4.1.v20100909-0100-e3x,"org.eclipse.mylyn.context.ui",1298152026776
started,bundle,org.eclipse.mylyn.monitor.ui,3.4.0.v20100608-0100-e3x,"org.eclipse.mylyn.monitor.ui",1298152026777
started,bundle,org.eclipse.mylyn.tasks.ui,3.4.2.v20100902-0100-e3x,"org.eclipse.mylyn.tasks.ui",1298152026778
started,bundle,org.eclipse.mylyn.team.ui,3.4.2.v20100909-0100-e3x,"org.eclipse.mylyn.team.ui",1298152026779
started,bundle,org.eclipse.team.core,3.5.100.R36x_v20100825-0800,"org.eclipse.team.core",1298152026780
started,bundle,org.eclipse.team.cvs.core,3.3.300.I20100526-0800,"org.eclipse.team.cvs.core",1298152026781
started,bundle,org.eclipse.team.cvs.ui,3.3.301.R36x_v20100825-0800,"org.eclipse.team.cvs.ui",1298152026782
started,bundle,org.eclipse.team.ui,3.5.101.R36x_v20100825-0800,"org.eclipse.team.ui",1298152026783
started,bundle,org.eclipse.ui,3.6.1.M20100826-1330,"org.eclipse.ui",1298152026786
started,bundle,org.eclipse.ui.console,3.5.0.v20100526,"org.eclipse.ui.console",1298152026787
started,bundle,org.eclipse.ui.editors,3.6.1.r361_v20100825-0800,"org.eclipse.ui.editors",1298152026787
started,bundle,org.eclipse.ui.forms,3.5.2.r36_v20100702,"org.eclipse.ui.forms",1298152026788
started,bundle,org.eclipse.ui.ide,3.6.1.M20100825-0800,"org.eclipse.ui.ide",1298152026790
started,bundle,org.eclipse.ui.navigator,3.5.0.I20100601-0800,"org.eclipse.ui.navigator",1298152026791
started,bundle,org.eclipse.ui.navigator.resources,3.4.201.M20100707-0800,"org.eclipse.ui.navigator.resources",1298152026792
started,bundle,org.eclipse.ui.net,1.2.100.I20100505-1245,"org.eclipse.ui.net",1298152026792
started,bundle,org.eclipse.ui.views,3.5.0.I20100527-0800,"org.eclipse.ui.views",1298152026793
started,bundle,org.eclipse.ui.workbench,3.6.1.M20100826-1330,"org.eclipse.ui.workbench",1298152026794
started,bundle,org.eclipse.ui.workbench.texteditor,3.6.1.r361_v20100714-0800,"org.eclipse.ui.workbench.texteditor",1298152026795
started,bundle,org.eclipse.update.configurator,3.3.100.v20100512,"org.eclipse.update.configurator",1298152026796
started,bundle,org.eclipse.update.core,3.2.402.R36x_v20100629,"org.eclipse.update.core",1298152026797
started,bundle,org.eclipse.update.scheduler,3.2.300.v20100512,"org.eclipse.update.scheduler",1298152026798
started,bundle,org.eclipse.wst.common.core,1.2.0.v200908252030,"org.eclipse.wst.common.core",1298152026798
started,bundle,org.eclipse.wst.common.emf,1.2.1.v201008260500,"org.eclipse.wst.common.emf",1298152026799
started,bundle,org.eclipse.wst.common.emfworkbench.integration,1.2.2.v201008242000,"org.eclipse.wst.common.emfworkbench.integration",1298152026800
started,bundle,org.eclipse.wst.common.frameworks,1.2.0.v201003040800,"org.eclipse.wst.common.frameworks",1298152026801
started,bundle,org.eclipse.wst.common.frameworks.ui,1.2.0.v201004080500,"org.eclipse.wst.common.frameworks.ui",1298152026802
started,bundle,org.eclipse.wst.common.modulecore,1.2.3.v201008242000,"org.eclipse.wst.common.modulecore",1298152026803
started,bundle,org.eclipse.wst.common.project.facet.core,1.4.102.v201008170019,"org.eclipse.wst.common.project.facet.core",1298152026804
started,bundle,org.eclipse.wst.jsdt.core,1.1.2.v201009011528,"org.eclipse.wst.jsdt.core",1298152026805
started,bundle,org.eclipse.wst.jsdt.manipulation,1.0.200.v201004150600,"org.eclipse.wst.jsdt.manipulation",1298152026806
started,bundle,org.eclipse.wst.jsdt.ui,1.1.2.v201009010353,"org.eclipse.wst.jsdt.ui",1298152026809
started,bundle,org.eclipse.wst.validation,1.2.200.v201005271900,"org.eclipse.wst.validation",1298152026811
started,bundle,org.eclipse.wst.web,1.1.401.v201007151900,"org.eclipse.wst.web",1298152026812
started,bundle,org.eclipse.wst.xml.core,1.1.502.v201009010342,"org.eclipse.wst.xml.core",1298152026813
started,bundle,sf.eclipse.javacc,1.5.22,"sf.eclipse.javacc",1298152026814
os,sysinfo,,,"win32",1298152026820
arch,sysinfo,,,"x86_64",1298152026820
ws,sysinfo,,,"win32",1298152026820
locale,sysinfo,,,"en_US",1298152026820
processors,sysinfo,,,"4",1298152026820
java.runtime.name,sysinfo,,,"Java(TM) SE Runtime Environment",1298152026820
java.runtime.version,sysinfo,,,"1.6.0_24-b07",1298152026820
java.specification.name,sysinfo,,,"Java Platform API Specification",1298152026820
java.specification.vendor,sysinfo,,,"Sun Microsystems Inc.",1298152026820
java.specification.version,sysinfo,,,"1.6",1298152026820
java.vendor,sysinfo,,,"Sun Microsystems Inc.",1298152026820
java.version,sysinfo,,,"1.6.0_24",1298152026820
java.vm.info,sysinfo,,,"mixed mode",1298152026820
java.vm.name,sysinfo,,,"Java HotSpot(TM) 64-Bit Server VM",1298152026820
java.vm.specification.name,sysinfo,,,"Java Virtual Machine Specification",1298152026820
java.vm.specification.vendor,sysinfo,,,"Sun Microsystems Inc.",1298152026820
java.vm.specification.version,sysinfo,,,"1.0",1298152026820
